fecha,tienda,producto,cantidad,precio
2025-01-03,Centro,P001,3,120.50
2025-01-05,Norte,P014,1,45.00
2025-01-08,Sur,P007,2,abc
2025-01-12,Polanco,P022,5,310.99
2025-01-15,Oriente,P003,,89.90
2025-01-19,Poniente,P031,4,15.75
2025-01-22,Coyoacán,P009,-2,230.00
2025-01-26,Santa Fe,P040,6,499.99
2025-02-02,Centro,P018,2,67.25
2025-02-07,Norte,P026,7,12.40
2025-02-11,Sur,P005,1,180.00
2025-02-15,Polanco,P033,3,95.60
2025-02-20,Oriente,P011,8,22.10
2025-02-30,Poniente,P002,2,140.00
2025-03-04,Coyoacán,P027,1,355.30
2025-03-09,Santa Fe,P016,4,76.80
2025-03-14,Centro,P038,2,410.00
2025-03-18,Norte,P020,9,8.95
2025-03-23,Sur,P012,3,260.45
2025-03-28,Polanco,P035,1,199.99
